<ui>
	<menubar name="MenuPyCaming">
		<menu name="ToolsMenu" action="ToolsMenuAction">
			<menu name="Operations" action="OperationsAction">
					<placeholder name="OperationsMenuAdditions">
						<menuitem name="RotateLeft" action="RotateLeftAction" />
						<menuitem name="RotateRight" action="RotateRightAction" />
						<menuitem name="Rotate" action="RotateAction" />
						<separator />	
					</placeholder>
				</menu>
    	</menu>
	</menubar>
	<toolbar name="ToolsPyCamimg">
		<placeholder name="ActionsToolItems">
			<toolitem name="RotateLeft" action="RotateLeftAction" />
			<toolitem name="RotateRight" action="RotateRightAction" />
			<toolitem name="Rotate" action="RotateAction" />
		</placeholder>
	</toolbar>
</ui>