<ui>
	<menubar name="MenuPyCaming">
		<menu name="ToolsMenu" action="ToolsMenuAction">
			<menu name="Operations" action="OperationsAction">
					<placeholder name="OperationsMenuAdditions">
						<menuitem name="Flip" action="FlipAction" />
						<menuitem name="Mirror" action="MirrorAction" />
						<menuitem name="FlipMirror" action="FlipMirrorAction" />
						<separator />	
					</placeholder>
				</menu>
    	</menu>
	</menubar>
	<toolbar name="ToolsPyCamimg">
		<placeholder name="ActionsToolItems">
			<toolitem name="Flip" action="FlipAction" />
			<toolitem name="Mirror" action="MirrorAction" />
		</placeholder>
	</toolbar>
</ui>